sample,Species,Carbon,Carbon,Nitrogen,Nitrogen,,C:N
QRT01,QUERUB,2.329,44.58,0.061,1.16,,38.43103448
QRT02,QUERUB,2.346,45.19,0.057,1.1,,41.08181818
QRT03,QUERUB,2.271,43.51,0.058,1.11,,39.1981982
AST01,ACESAC,2.067,42.3,0.036,0.74,,57.16216216
AST02,ACESAC,2.103,42.15,0.037,0.74,,56.95945946
AST03,ACESAC,2.192,41.85,0.036,0.68,,61.54411765
COT01,CAROVA,2.236,42,0.048,0.9,,46.66666667
COT02,CAROVA,2.188,42.44,0.057,1.1,,38.58181818
COT03,CAROVA,2.137,42.69,0.056,1.11,,38.45945946
