Species,Carbon,Carbon%,Nitrogen,Nitrogen%,C:N
QUERUB,2.315333333,44.42666667,0.058666667,1.123333333,39.57035029
ACESAC,2.120666667,42.1,0.036333333,0.72,58.55524642
CAROVA,2.187,42.37666667,0.053666667,1.036666667,41.23598144
